link, title, company, reward
https://www.wanted.co.kr//wd/227687,Python 개발자,버블콘,합격보상금 100만원
https://www.wanted.co.kr//wd/232077,시니어 파이썬 백엔드 엔지니어,알로카도스,합격보상금 100만원
https://www.wanted.co.kr//wd/236055,백엔드 개발자 (Python),바로팜,합격보상금 100만원
https://www.wanted.co.kr//wd/209397,커머스 마케팅 솔루션 Python Backend 리드,샐러드랩,합격보상금 100만원
https://www.wanted.co.kr//wd/57878,백엔드 엔지니어 (Python),엘리스,합격보상금 100만원
https://www.wanted.co.kr//wd/231720,(AI 서비스) 자연어처리(NLP)/ Python 엔진 개발,아일리스프런티어(ailysfrontier),합격보상금 100만원
https://www.wanted.co.kr//wd/221445,파이썬 백엔드 개발자,에이드파트너스,합격보상금 100만원
https://www.wanted.co.kr//wd/233060,python 백앤드개발자,블록스퀘어서울,합격보상금 100만원
https://www.wanted.co.kr//wd/227687,Python 개발자,버블콘,합격보상금 100만원
https://www.wanted.co.kr//wd/232077,시니어 파이썬 백엔드 엔지니어,알로카도스,합격보상금 100만원
https://www.wanted.co.kr//wd/236055,백엔드 개발자 (Python),바로팜,합격보상금 100만원
https://www.wanted.co.kr//wd/209397,커머스 마케팅 솔루션 Python Backend 리드,샐러드랩,합격보상금 100만원
https://www.wanted.co.kr//wd/57878,백엔드 엔지니어 (Python),엘리스,합격보상금 100만원
https://www.wanted.co.kr//wd/231720,(AI 서비스) 자연어처리(NLP)/ Python 엔진 개발,아일리스프런티어(ailysfrontier),합격보상금 100만원
https://www.wanted.co.kr//wd/221445,파이썬 백엔드 개발자,에이드파트너스,합격보상금 100만원
https://www.wanted.co.kr//wd/233060,python 백앤드개발자,블록스퀘어서울,합격보상금 100만원
https://www.wanted.co.kr//wd/236544,파이썬 개발자 [커넥트팀],원티드랩,합격보상금 100만원
https://www.wanted.co.kr//wd/218163,NestJS, Python 백엔드 팀장,씨에스엠17,합격보상금 100만원
https://www.wanted.co.kr//wd/182859,글로벌 백엔드 엔지니어 (Python),엘리스,합격보상금 100만원
https://www.wanted.co.kr//wd/2447,Python Backend Engineer,에임(AIM),합격보상금 100만원
https://www.wanted.co.kr//wd/18295,백엔드 엔지니어 (Python/Django),뮤즈라이브(Muzlive),합격보상금 100만원
https://www.wanted.co.kr//wd/147487,[전문연구요원 가능] C/C++, Python 로봇 제어 개발자 (신입),메디인테크,합격보상금 100만원
https://www.wanted.co.kr//wd/206209,리드 개발자 (Python/Rust),베링랩,합격보상금 100만원
https://www.wanted.co.kr//wd/142233,풀스택 웹 개발자 (Python/Django),웜블러드,합격보상금 100만원
https://www.wanted.co.kr//wd/213909,[개발] JAVA/Python 개발(7년차 이상),아이알큐더스,합격보상금 100만원
https://www.wanted.co.kr//wd/230306,백엔드 리드 엔지니어 (Python),엘리스,합격보상금 100만원
https://www.wanted.co.kr//wd/211459,백엔드 개발자 Node.js, Python/5년 이상,딥세일즈,합격보상금 100만원
https://www.wanted.co.kr//wd/100407,[전문연구요원 가능] C/C++, Python 로봇 제어 개발자,메디인테크,합격보상금 100만원
https://www.wanted.co.kr//wd/190006,Python application & Algorithm 개발자,메디픽셀,합격보상금 100만원
https://www.wanted.co.kr//wd/201877,이커머스 솔루션 Python Backend 개발자,샐러드랩,합격보상금 100만원
https://www.wanted.co.kr//wd/230201,파이썬 개발자 [채용솔루션팀],원티드랩,합격보상금 100만원
https://www.wanted.co.kr//wd/233284,Back-End (Python) 개발자,미니레코드,합격보상금 100만원
https://www.wanted.co.kr//wd/60926,백엔드 엔지니어 (Python),아이네블루메(채티),합격보상금 100만원
https://www.wanted.co.kr//wd/224963,파이썬(Python) 개발자,에잇퍼센트(8PERCENT),합격보상금 100만원
https://www.wanted.co.kr//wd/226155,파이썬(Python) 개발자 - 병역특례,에잇퍼센트(8PERCENT),합격보상금 100만원
https://www.wanted.co.kr//wd/233224,Python / 서버 백엔드 개발자,브레인다이브,합격보상금 100만원
https://www.wanted.co.kr//wd/193602,[플레이오] Python 백엔드 개발,지엔에이컴퍼니,합격보상금 100만원
https://www.wanted.co.kr//wd/184372,Python Django 기반 서버 개발,블리몽키즈,합격보상금 100만원
https://www.wanted.co.kr//wd/236175,[Python] Back-end Developer,단비교육,합격보상금 100만원
https://www.wanted.co.kr//wd/160068,Python Back-end Engineer,올거나이즈코리아(Allganize Korea),합격보상금 100만원
https://www.wanted.co.kr//wd/59335,백엔드 개발자 (python),피알앤디컴퍼니(헤이딜러),합격보상금 100만원
https://www.wanted.co.kr//wd/162405,[신입] 백엔드 엔지니어 (Python),엘리스,합격보상금 100만원
https://www.wanted.co.kr//wd/231640,파이썬 프로그램 개발자,뉴로다임,합격보상금 100만원
https://www.wanted.co.kr//wd/100997,Python Django 백엔드 개발자,똑똑한개발자,합격보상금 100만원
https://www.wanted.co.kr//wd/197592,백엔드 엔지니어 (Python),버핏서울,합격보상금 100만원
https://www.wanted.co.kr//wd/180080,데이터 엔지니어 (Python),핀다(FINDA),합격보상금 100만원
https://www.wanted.co.kr//wd/211877,[인텔리전스랩스] 선행프로덕트팀 백엔드 개발자 (Python/Go),넥슨코리아(NEXON),합격보상금 100만원
https://www.wanted.co.kr//wd/205855,[인텔리전스랩스] 소셜메이킹팀 백엔드 개발자 (Python),넥슨코리아(NEXON),합격보상금 100만원
https://www.wanted.co.kr//wd/151721,[인텔리전스랩스] MLOps팀 백엔드 개발자 (Python/Go),넥슨코리아(NEXON),합격보상금 100만원
